Ind_ID,Gender,Car_Owner,Propert_Owner,Annual_income,Type_Income,Education,Marital_status,Housing_type,Label,Age,Employed_Years,Age_Category
5009744,0,1,0,315000.0,0,1,0,0,1,37,1.6,2
5009752,0,1,0,315000.0,0,1,0,0,1,37,1.6,2
5009754,0,1,0,315000.0,0,1,0,0,1,37,1.6,2
5018498,0,1,1,90000.0,3,3,0,0,1,51,2.74,0
5018503,0,1,1,90000.0,3,3,0,0,1,51,2.74,0
5021310,1,0,1,270000.0,3,3,0,0,1,46,0.68,0
5021314,1,0,1,270000.0,3,3,1,0,1,46,0.68,0
5021430,0,0,1,126000.0,0,1,1,0,1,51,6.76,0
5021431,0,0,1,126000.0,0,1,1,0,1,51,6.76,0
5021998,1,0,1,90000.0,1,3,0,0,1,51,4.5,0
5022053,1,0,0,202500.0,3,1,1,0,1,35,11.85,2
5022617,1,1,1,202500.0,0,3,0,0,1,32,4.58,2
5023781,1,0,1,157500.0,0,1,0,0,1,48,2.97,0
5023831,0,0,1,112500.0,0,3,0,0,1,33,2.53,2
5024071,0,0,1,180000.0,3,1,0,0,1,43,2.34,0
5029028,0,0,1,90000.0,3,2,1,1,1,32,13.06,2
5033453,0,0,0,135000.0,3,1,1,0,1,29,6.55,2
5033514,0,1,0,135000.0,3,3,0,0,1,43,1.05,0
5033916,1,0,1,180000.0,3,3,0,0,1,35,9.98,2
5036469,1,1,0,112500.0,2,3,1,0,1,55,4.23,0
5036590,1,1,1,292500.0,3,1,0,0,1,57,2.21,0
5036795,1,1,1,215100.0,0,3,0,0,1,52,3.52,0
5046324,0,0,1,157500.0,0,3,1,0,1,42,6.21,0
5046328,0,0,1,157500.0,1,3,1,0,1,42,6.21,0
5047662,0,0,1,67500.0,0,3,0,0,1,51,11.26,0
5048300,1,1,0,180000.0,0,3,0,0,1,30,3.18,2
5048301,1,1,0,180000.0,0,3,0,0,1,30,3.18,2
5050671,1,0,0,171000.0,0,3,1,0,1,31,0.45,2
5051160,1,1,0,135000.0,3,3,0,0,1,26,2.37,2
5051161,1,1,0,135000.0,3,3,0,0,1,26,2.37,2
5052659,0,0,1,103500.0,3,3,0,0,1,28,1.54,2
5052661,0,0,1,103500.0,3,3,0,0,1,28,1.54,2
5052877,1,1,1,225000.0,3,3,0,0,1,49,9.22,0
5052879,1,1,1,225000.0,3,3,0,0,1,49,9.22,0
5052882,1,1,1,225000.0,3,3,0,0,1,49,9.22,0
5053254,0,1,1,180000.0,0,3,0,0,1,51,5.89,0
5054063,1,0,0,157500.0,3,3,0,0,1,44,3.99,0
5054068,1,0,0,157500.0,3,3,0,0,1,44,3.99,0
5061691,0,0,1,67500.0,0,1,0,0,1,24,4.29,2
5062136,1,0,0,180000.0,3,3,1,0,1,35,0.38,2
5065348,0,1,1,202500.0,3,1,0,0,1,41,10.88,0
5065462,0,0,0,157500.0,0,3,0,0,1,52,4.3,0
5065518,0,1,0,202500.0,3,1,0,1,1,26,7.88,2
5068389,0,1,1,270000.0,3,1,1,0,1,38,0.38,2
5068456,0,1,0,135000.0,0,3,0,0,1,37,7.05,2
5069216,0,1,1,256500.0,0,1,0,0,1,30,4.72,2
5069218,0,1,1,256500.0,0,1,1,0,1,30,4.72,2
5069307,1,0,1,157500.0,3,3,0,0,1,42,3.64,0
5078820,0,0,0,225000.0,0,3,0,0,1,39,13.65,2
5078945,0,0,1,180000.0,3,3,1,0,1,33,9.57,2
5078946,0,0,1,180000.0,3,3,1,0,1,33,9.57,2
5079166,1,1,0,202500.0,3,3,0,2,1,37,3.82,2
5079167,1,1,0,202500.0,3,3,0,2,1,37,3.82,2
5079168,1,1,0,202500.0,3,3,0,2,1,37,3.82,2
5085886,1,1,1,315000.0,0,1,0,0,1,51,3.46,0
5089162,0,1,0,225000.0,3,1,0,0,1,55,6.93,0
5089959,1,0,1,126000.0,0,3,0,0,1,34,5.76,2
5090214,1,1,1,135000.0,3,3,0,0,1,29,0.59,2
5090216,1,1,1,135000.0,3,3,0,0,1,29,0.59,2
5092087,1,1,1,247500.0,3,3,0,0,1,47,1.46,0
5096527,0,0,0,135000.0,3,3,2,0,1,54,1.6,0
5096528,0,0,0,135000.0,3,3,2,0,1,54,1.6,0
5096743,0,0,1,180000.0,3,2,2,0,1,46,6.1,0
5100430,1,1,0,180000.0,3,3,1,0,1,44,1.68,0
5113621,1,0,0,225000.0,3,3,2,0,1,53,0.95,0
5114249,1,0,0,130500.0,3,3,0,1,1,31,4.95,2
5114253,1,0,0,130500.0,3,3,0,1,1,31,4.95,2
5115604,0,0,1,202500.0,3,3,0,0,1,39,9.36,2
5115606,0,0,1,202500.0,3,3,0,0,1,39,9.36,2
5115608,0,0,1,202500.0,3,3,0,0,1,39,9.36,2
5115610,0,0,1,202500.0,3,3,0,0,1,39,9.36,2
5115611,0,0,1,202500.0,3,3,1,0,1,39,9.36,2
5116035,1,1,1,126000.0,3,1,1,0,1,39,2.36,2
5116036,1,1,1,126000.0,3,1,1,0,1,39,2.36,2
5117313,0,0,1,157500.0,0,3,0,0,1,35,10.76,2
5118541,0,0,1,72000.0,3,3,0,0,1,49,2.84,0
5125289,0,0,0,202500.0,3,3,1,0,1,38,0.37,2
5125708,0,1,1,135000.0,3,2,0,0,1,44,1.7,0
5125716,0,1,1,135000.0,3,2,0,0,1,44,1.7,0
5125761,1,0,1,270000.0,0,3,1,0,1,49,4.37,0
5125763,1,1,0,135000.0,0,3,1,0,1,35,4.45,2
5125934,0,0,1,135000.0,0,2,0,2,1,27,5.11,2
5135344,1,0,1,112500.0,0,1,0,0,1,55,1.52,0
5135345,1,0,1,112500.0,0,1,0,0,1,55,1.52,0
5135346,1,0,1,112500.0,0,1,0,0,1,55,1.52,0
5135485,0,0,1,135000.0,2,1,1,0,1,29,5.3,2
5135487,0,0,1,135000.0,2,1,1,0,1,29,5.3,2
5135636,1,1,1,195750.0,3,3,0,0,1,51,2.55,0
5142361,1,1,1,112500.0,3,3,0,0,1,44,2.53,0
5142362,1,1,1,112500.0,3,3,0,0,1,44,2.53,0
5142456,0,0,0,67500.0,0,1,1,0,1,51,1.37,0
5142458,0,0,1,67500.0,0,1,1,0,1,51,1.37,0
5142459,0,0,1,67500.0,0,1,1,0,1,51,1.37,0
5143342,1,0,0,216000.0,3,3,0,0,1,35,6.62,2
5146005,1,1,1,225000.0,3,3,1,0,1,27,0.52,2
5146079,0,0,1,108000.0,3,3,0,0,1,34,3.1,2
5146167,0,0,1,135000.0,3,3,0,0,1,55,4.85,0
5146444,0,0,1,135000.0,3,3,2,0,1,39,2.52,2
5148932,1,1,0,108000.0,3,3,0,0,1,47,2.96,0
5148934,1,1,0,108000.0,3,3,0,0,1,47,2.96,0
5149828,1,1,1,315000.0,3,3,0,0,1,47,6.63,0
5149834,0,0,1,157500.0,0,1,0,0,1,33,3.63,2
5149838,0,0,1,157500.0,1,1,0,0,1,33,3.63,2
5069057,1,1,0,225000.0,0,3,0,0,0,48,6.8,0
5066689,0,0,1,180000.0,0,1,0,0,0,35,0.93,2
5113717,0,0,0,135000.0,3,3,0,0,0,44,8.36,0
5066765,0,0,1,63000.0,0,3,0,0,0,39,8.18,2
5105227,0,0,1,135000.0,3,3,0,0,0,47,5.83,0
5067187,0,0,1,112500.0,3,1,0,0,0,31,2.25,2
5046340,1,0,1,180000.0,3,2,0,0,0,28,4.63,2
5022326,1,1,1,256500.0,0,1,0,0,0,58,4.58,0
5065764,0,0,1,90000.0,3,3,1,0,0,40,1.9,0
5067849,0,0,1,180000.0,0,3,1,0,0,40,1.55,0
5097169,0,0,0,90000.0,0,3,1,0,0,29,2.42,2
5067723,0,0,1,337500.0,3,0,1,0,0,34,7.58,2
5056077,1,1,1,90000.0,3,3,0,0,0,33,4.24,2
5143016,1,0,0,180000.0,0,3,0,1,0,39,8.7,2
5021445,0,0,1,121500.0,3,3,0,2,0,36,14.25,2
5053592,0,0,1,117000.0,3,2,2,0,0,48,8.41,0
5116163,0,0,1,90000.0,3,3,0,0,0,27,0.88,2
5125399,1,1,0,112500.0,3,3,0,0,0,27,2.28,2
5067345,0,1,0,180000.0,0,3,0,0,0,45,2.97,0
5053711,0,1,0,157500.0,0,3,0,0,0,35,3.83,2
5125158,1,0,1,234000.0,3,3,0,0,0,32,4.79,2
5062688,1,1,1,247500.0,2,3,0,0,0,55,2.4,0
5105685,0,0,1,144000.0,3,3,0,0,0,38,7.68,2
5115984,1,1,1,180000.0,3,1,0,0,0,36,6.78,2
5065363,0,0,1,216000.0,3,1,1,0,0,28,4.88,2
5140074,0,0,1,90000.0,0,3,0,0,0,41,1.18,0
5091963,1,1,0,180000.0,3,3,0,0,0,51,3.88,0
5067149,1,0,0,225000.0,3,3,0,0,0,38,0.72,2
5096424,1,1,0,270000.0,0,1,1,0,0,31,6.43,2
5029348,1,1,1,270000.0,3,1,0,0,0,29,1.13,2
5028917,0,1,1,112500.0,3,3,0,0,0,47,4.89,0
5117778,0,1,0,144000.0,3,3,2,0,0,39,3.68,2
5095310,0,1,1,225000.0,3,1,0,0,0,33,10.18,2
5050655,0,0,0,112500.0,3,3,0,0,0,40,2.87,0
5033817,0,1,0,292500.0,2,1,0,0,0,43,7.3,0
5052963,1,1,1,135000.0,0,3,0,0,0,27,7.13,2
5113159,1,1,1,157500.0,0,3,1,0,0,27,5.85,2
5132800,0,0,1,157500.0,3,3,1,0,0,50,4.2,0
5090549,0,0,1,157500.0,3,3,0,0,0,41,6.93,0
5054522,0,1,1,135000.0,3,1,0,0,0,27,6.33,2
5051061,0,0,0,112500.0,0,3,0,0,0,32,3.62,2
5010707,1,1,0,202500.0,3,3,0,0,0,43,13.86,0
5028984,0,0,1,193500.0,3,3,1,0,0,52,6.06,0
5126034,0,1,1,108000.0,3,3,1,0,0,47,2.53,0
5021775,0,0,1,292500.0,0,1,0,0,0,39,4.25,2
5046415,1,1,1,270000.0,3,1,0,0,0,39,4.3,2
5117314,1,0,1,292500.0,3,3,0,0,0,45,4.6,0
5096416,0,0,0,76500.0,3,3,0,0,0,46,0.27,0
5042286,0,0,1,157500.0,3,3,1,0,0,29,3.35,2
5050729,1,1,0,180000.0,3,3,1,2,0,23,1.45,2
5044935,1,0,1,360000.0,2,1,0,0,0,43,15.44,0
5113539,0,0,1,157500.0,3,3,0,0,0,57,4.86,0
5033452,0,0,0,112500.0,3,3,0,0,0,52,15.05,0
5065335,1,0,1,202500.0,0,2,0,1,0,26,5.3,2
5145978,0,1,0,112500.0,2,3,2,0,0,53,16.1,0
5105614,0,1,1,135000.0,3,1,0,0,0,33,1.26,2
5038845,0,0,1,103500.0,0,3,0,0,0,46,4.3,0
5105556,0,0,1,157500.0,3,3,0,0,0,54,12.41,0
5028383,1,1,0,337500.0,3,3,1,2,0,31,9.06,2
5009980,0,1,1,180000.0,2,3,0,0,0,56,10.6,0
5009706,0,0,0,157500.0,3,1,0,0,0,31,0.94,2
5146463,1,1,0,360000.0,2,1,0,0,0,27,5.26,2
5112662,0,0,0,135000.0,0,3,0,0,0,33,1.65,2
5096796,1,1,1,337500.0,3,1,1,0,0,36,1.6,2
5066597,0,0,0,360000.0,0,1,0,0,0,40,5.26,0
5143019,1,0,0,270000.0,3,3,0,2,0,32,1.7,2
5118617,0,0,0,270000.0,0,1,1,0,0,43,14.26,0
5125317,1,1,0,292500.0,0,3,0,0,0,57,7.45,0
5038814,0,0,1,247500.0,0,3,0,0,0,53,2.04,0
5095356,0,0,0,157500.0,3,3,1,2,0,24,2.84,2
5037266,1,1,0,225000.0,3,3,1,0,0,32,3.62,2
5052865,0,0,1,94500.0,0,3,0,0,0,37,9.47,2
5096211,1,0,0,81000.0,3,3,0,0,0,38,0.43,2
5023280,0,1,1,180000.0,0,3,0,0,0,45,6.73,0
5132340,0,0,1,198000.0,0,3,1,0,0,42,7.7,0
5045917,1,1,1,315000.0,0,3,0,1,0,46,5.55,0
5041073,0,0,1,67500.0,3,3,1,0,0,49,0.51,0
5149660,0,0,1,180000.0,0,3,0,0,0,32,8.12,2
5022756,0,0,0,202500.0,0,3,1,0,0,29,8.67,2
5036562,0,0,0,112500.0,3,3,0,0,0,32,13.98,2
5117754,1,1,0,306000.0,3,3,0,0,0,43,4.51,0
5125281,0,0,1,90000.0,3,3,0,0,0,44,10.11,0
5149039,0,0,1,270000.0,0,1,0,0,0,30,10.12,2
5021267,0,1,1,270000.0,3,3,0,0,0,39,12.58,2
5125166,1,0,1,234000.0,3,3,0,0,0,32,4.79,2
5125524,1,0,0,171000.0,3,3,0,0,0,37,15.53,2
5010089,0,0,0,225000.0,0,3,0,0,0,28,4.61,2
5126457,0,0,0,94500.0,3,1,0,0,0,46,0.54,0
5142763,0,0,0,117000.0,0,3,1,2,0,27,1.45,2
5023261,1,1,1,180000.0,0,3,0,0,0,58,4.64,0
5090861,0,1,1,202500.0,0,3,0,0,0,54,5.94,0
5118397,1,0,0,135000.0,3,3,0,0,0,46,4.51,0
5069399,1,0,1,157500.0,3,3,1,0,0,22,4.13,2
5008889,0,0,1,247500.0,0,1,1,1,0,46,3.69,0
5022041,1,0,1,180000.0,3,3,0,0,0,27,3.85,2
5126124,0,1,0,72000.0,3,3,0,0,0,41,0.62,0
5050853,1,0,0,180000.0,0,1,1,0,0,25,4.12,2
5024412,1,1,0,270000.0,3,1,0,0,0,50,13.92,0
5090612,0,1,0,202500.0,3,1,0,0,0,37,7.95,2
5028274,0,1,0,360000.0,3,3,0,0,0,34,6.06,2
5028996,1,1,1,270000.0,3,1,0,0,0,33,0.97,2
5126322,0,0,0,270000.0,3,3,0,0,0,48,4.71,0
5053610,0,0,1,112500.0,3,3,0,0,0,56,10.08,0
5137401,0,0,0,157500.0,3,1,1,0,0,47,8.21,0
5142812,1,1,0,202500.0,2,3,0,0,0,31,11.7,2
5053354,0,1,0,225000.0,3,3,0,0,0,50,0.3,0
5087944,0,0,1,72000.0,3,3,2,0,0,54,5.69,0
5068491,1,0,0,315000.0,0,1,0,0,0,50,0.3,0
5009739,0,1,0,99000.0,3,3,0,0,0,40,12.02,0
5096991,0,0,1,225000.0,0,1,0,0,0,33,0.34,2
5046362,0,0,1,90000.0,3,3,0,2,0,39,0.38,2
5066817,0,1,0,360000.0,3,1,2,0,0,45,11.01,0
5068888,0,0,1,225000.0,3,3,0,0,0,64,13.38,1
5022308,0,0,1,90000.0,3,3,1,0,0,52,9.09,0
5068465,0,0,1,90000.0,0,3,0,0,0,27,5.38,2
5137033,1,1,0,112500.0,3,3,0,0,0,39,0.55,2
5100220,1,1,1,315000.0,0,3,0,0,0,41,16.76,0
5078842,0,1,1,135000.0,3,3,0,2,0,28,0.32,2
5105150,0,0,1,90000.0,3,1,0,0,0,51,4.83,0
5045253,0,0,1,270000.0,3,3,0,0,0,57,10.1,0
5100000,0,0,0,180000.0,0,3,0,0,0,41,9.35,0
5029725,0,0,1,135000.0,0,1,0,0,0,26,7.97,2
5090925,0,0,1,243000.0,0,3,0,2,0,46,9.34,0
5115947,1,1,1,225000.0,3,3,1,0,0,26,3.03,2
5149040,0,0,1,180000.0,3,3,0,0,0,54,9.88,0
5113291,0,1,1,121500.0,3,3,0,0,0,31,0.28,2
5139951,0,1,1,121500.0,2,3,0,0,0,54,8.85,0
5028697,1,1,0,270000.0,3,1,0,1,0,29,0.56,2
5009443,0,0,0,90000.0,2,3,0,0,0,25,4.61,2
5096621,0,0,0,135000.0,3,3,0,0,0,39,4.35,2
5149150,1,1,1,247500.0,3,3,0,0,0,29,9.79,2
5118448,0,0,0,76500.0,3,3,0,0,0,27,2.01,2
5022833,1,1,1,202500.0,3,3,0,0,0,47,4.43,0
5010397,0,1,1,225000.0,3,1,0,0,0,38,4.36,2
5047789,0,1,1,225000.0,0,1,0,0,0,28,2.68,2
5150047,0,0,1,283500.0,3,3,0,0,0,49,1.79,0
5088699,0,1,1,252000.0,3,3,0,0,0,48,3.45,0
5146472,0,1,1,180000.0,0,1,0,0,0,38,10.43,2
5068156,1,1,1,180000.0,3,3,0,0,0,53,8.89,0
5117756,1,1,0,306000.0,3,3,0,0,0,43,4.51,0
5143164,0,0,0,180000.0,0,3,0,0,0,37,3.7,2
5135841,0,0,1,36000.0,3,3,0,0,0,33,3.05,2
5023059,1,1,1,112500.0,3,3,0,0,0,30,1.39,2
5125325,1,1,0,292500.0,0,3,0,0,0,57,7.45,0
5135574,0,1,1,180000.0,3,3,0,0,0,32,2.72,2
5009053,0,0,1,202500.0,3,1,0,0,0,30,6.27,2
5029108,1,1,0,315000.0,2,3,0,0,0,36,9.97,2
5091400,0,0,0,135000.0,3,3,0,2,0,33,2.38,2
5050768,0,0,0,337500.0,3,3,0,0,0,30,5.95,2
5113420,0,0,0,157500.0,3,3,1,0,0,34,14.61,2
5113132,0,1,1,360000.0,0,3,0,0,0,52,9.68,0
5062670,0,1,1,135000.0,3,1,0,0,0,40,12.07,0
5029352,1,1,1,270000.0,3,1,0,0,0,29,1.13,2
5105067,1,0,1,157500.0,3,3,0,0,0,37,1.24,2
5143573,1,1,0,157500.0,3,3,0,2,0,24,2.63,2
5065673,0,0,0,135000.0,3,3,1,0,0,31,12.9,2
5029544,0,1,1,133650.0,0,3,0,0,0,39,5.38,2
5111159,0,1,1,81000.0,3,1,0,0,0,29,3.81,2
5099957,0,1,1,225000.0,0,1,0,0,0,30,1.26,2
5143360,0,0,1,126000.0,3,3,0,0,0,62,6.12,1
5091753,1,1,0,135000.0,3,1,0,0,0,34,4.47,2
5117403,0,0,0,94500.0,3,3,0,0,0,45,4.43,0
5149319,0,1,1,180000.0,3,1,1,0,0,51,16.38,0
5137542,0,0,0,157500.0,3,3,0,0,0,51,8.63,0
5095170,1,1,1,252000.0,0,1,0,0,0,37,7.34,2
5090780,0,0,0,202500.0,3,3,0,0,0,32,9.43,2
5092242,0,0,0,117000.0,3,3,0,0,0,56,6.38,0
5068671,1,0,1,247500.0,3,3,0,0,0,25,1.13,2
5052739,0,0,1,180000.0,0,3,0,0,0,28,1.38,2
5068747,0,0,0,157500.0,3,1,0,2,0,36,0.55,2
5024578,0,0,0,90000.0,3,3,0,2,0,28,4.0,2
5058405,1,1,1,247500.0,3,1,0,0,0,35,7.14,2
5041869,1,1,0,99000.0,2,3,0,0,0,53,1.43,0
5115894,1,1,0,247500.0,0,3,0,0,0,47,3.62,0
5062749,1,1,0,202500.0,2,1,0,0,0,36,6.75,2
5045611,0,0,1,90000.0,3,3,0,0,0,32,1.96,2
5113288,0,1,1,121500.0,3,3,0,0,0,31,0.28,2
5053003,0,1,1,157500.0,3,3,0,0,0,25,4.47,2
5118038,0,0,0,121500.0,3,1,0,0,0,32,1.68,2
5091405,0,0,1,135000.0,3,3,1,0,0,48,5.21,0
5137022,0,0,0,180000.0,2,3,2,0,0,49,0.96,0
5038751,1,1,1,157500.0,0,1,0,2,0,38,1.71,2
5061321,0,1,1,261000.0,2,1,0,0,0,41,4.46,0
5139410,0,1,1,135000.0,2,3,0,0,0,39,16.68,2
5048486,1,1,1,202500.0,3,3,0,0,0,35,2.01,2
5091280,1,0,1,103500.0,3,3,0,0,0,32,1.8,2
5023186,1,1,1,135000.0,3,3,0,0,0,47,7.39,0
5054307,1,0,0,135000.0,3,3,0,0,0,27,2.41,2
5116879,0,0,0,112500.0,3,1,1,2,0,30,0.43,2
5050453,1,0,1,231750.0,3,3,0,0,0,39,0.37,2
5022804,0,1,1,202500.0,3,1,2,0,0,32,4.1,2
5091374,1,1,1,247500.0,3,3,0,0,0,42,3.47,0
5135484,0,0,1,135000.0,2,1,1,0,0,29,5.3,2
5054188,0,0,0,135000.0,3,3,0,0,0,31,1.41,2
5068548,1,1,1,117000.0,0,3,0,0,0,52,2.8,0
5053472,1,0,1,112500.0,3,3,0,0,0,50,5.83,0
5105395,0,0,1,135000.0,3,3,1,0,0,29,1.57,2
5089722,0,0,0,315000.0,0,3,1,0,0,48,8.93,0
5066562,0,0,0,180000.0,0,3,0,2,0,22,1.18,2
5010203,1,1,1,135000.0,3,2,0,2,0,27,5.11,2
5024665,0,0,1,157500.0,3,3,0,0,0,39,12.51,2
5089626,0,0,0,315000.0,0,1,0,0,0,44,0.85,0
5021373,0,0,1,247500.0,3,1,0,0,0,60,1.58,1
5096300,0,0,0,112500.0,0,3,0,0,0,25,6.18,2
5053143,1,0,1,126000.0,3,3,0,0,0,33,0.38,2
5038510,0,0,1,103500.0,3,3,0,0,0,32,12.55,2
5023482,0,0,1,119250.0,3,3,0,0,0,43,12.06,0
5054099,1,1,0,202500.0,3,1,0,0,0,32,1.99,2
5062713,0,0,1,157500.0,3,3,0,0,0,39,10.42,2
5088851,0,1,1,112500.0,3,1,0,0,0,31,6.34,2
5111117,0,0,1,315000.0,3,1,0,0,0,31,3.98,2
5118115,1,0,0,270000.0,0,3,0,0,0,37,14.84,2
5024258,1,0,1,162000.0,3,3,1,0,0,31,1.59,2
5113976,1,1,0,270000.0,3,3,0,0,0,32,2.44,2
5099907,0,0,1,112500.0,3,3,0,0,0,29,5.09,2
5078924,1,0,1,270000.0,3,3,0,0,0,44,2.74,0
5068390,0,1,1,270000.0,3,1,1,0,0,38,0.38,2
5033788,0,0,1,315000.0,3,1,1,0,0,43,13.05,0
5010781,0,1,1,157500.0,0,1,0,0,0,39,6.18,2
5022761,0,0,1,180000.0,3,3,0,0,0,26,3.68,2
5041980,0,0,0,211500.0,0,1,0,2,0,40,12.84,0
5142136,0,0,0,144000.0,3,3,0,0,0,46,13.7,0
5088163,0,0,1,270000.0,3,3,1,0,0,35,2.53,2
5146086,1,0,0,148500.0,3,3,1,0,0,38,3.27,2
5041474,0,0,1,90000.0,0,1,0,0,0,24,2.17,2
5118270,0,0,0,99000.0,3,3,0,2,0,53,14.93,0
5142290,0,0,1,162000.0,2,1,0,0,0,41,0.24,0
5148792,0,0,1,202500.0,0,3,2,0,0,47,15.04,0
5062031,0,1,1,225000.0,3,1,1,0,0,26,1.62,2
5035418,0,0,1,292500.0,3,1,0,0,0,57,13.19,0
5137407,0,0,0,157500.0,3,1,1,0,0,47,8.21,0
5095117,0,0,1,67500.0,3,1,0,0,0,38,4.34,2
5146401,0,0,1,112500.0,3,3,1,0,0,53,5.76,0
5105137,0,0,1,112500.0,3,3,1,0,0,27,2.83,2
5146467,1,1,0,360000.0,2,1,0,0,0,27,5.26,2
5113082,0,0,1,112500.0,3,1,1,0,0,41,3.1,0
5052755,1,0,1,225000.0,3,3,0,0,0,28,3.22,2
5113020,1,1,1,202500.0,2,3,0,0,0,40,6.02,0
5058267,1,0,0,225000.0,0,3,0,2,0,48,5.23,0
5037247,1,1,1,112500.0,3,3,0,0,0,33,2.54,2
5100461,1,1,1,202500.0,0,3,0,0,0,33,6.84,2
5096753,1,1,0,328500.0,3,1,0,0,0,40,7.27,0
5091778,1,0,1,112500.0,0,3,0,0,0,29,3.21,2
5038569,1,1,1,202500.0,3,3,0,0,0,54,0.63,0
5069169,1,1,1,135000.0,3,3,0,0,0,28,2.63,2
5091048,0,0,1,270000.0,0,1,0,0,0,42,6.02,0
5097134,1,1,1,157500.0,3,3,0,0,0,31,6.76,2
5033884,1,1,1,90000.0,3,3,0,0,0,54,2.55,0
5097024,1,1,0,198000.0,0,1,0,0,0,37,8.09,2
5091144,1,1,0,225000.0,3,3,0,0,0,29,3.68,2
5088503,1,1,1,72000.0,3,1,0,0,0,59,1.69,0
5126142,1,1,0,202500.0,3,3,0,0,0,43,10.37,0
5067020,0,1,1,247500.0,3,3,0,0,0,46,3.43,0
5061076,1,1,0,157500.0,2,3,0,0,0,40,8.88,0
5126527,0,0,0,225000.0,2,3,0,2,0,33,0.54,2
5078931,1,0,0,112500.0,0,3,1,0,0,43,0.82,0
5025207,1,1,1,180000.0,0,3,0,0,0,27,0.34,2
5042097,0,0,0,108000.0,3,3,1,0,0,39,11.18,2
5089137,0,1,0,202500.0,0,3,0,2,0,38,14.59,2
5065601,1,0,1,157500.0,0,3,0,0,0,57,3.47,0
5112833,0,0,1,90000.0,3,3,1,2,0,36,2.78,2
5050549,1,0,0,225000.0,3,1,0,0,0,45,8.45,0
5065763,0,0,1,90000.0,3,3,1,0,0,40,1.9,0
5089269,0,0,0,72000.0,3,3,1,0,0,51,4.01,0
5028684,1,0,1,157500.0,3,3,0,0,0,26,8.22,2
5028737,1,0,1,360000.0,0,3,0,0,0,34,11.06,2
5025741,0,1,0,216000.0,3,1,0,0,0,32,0.77,2
5045992,0,0,1,157500.0,0,3,0,0,0,41,12.3,0
5054453,1,1,1,315000.0,3,1,0,0,0,49,3.16,0
5024586,0,1,1,315000.0,2,3,0,0,0,33,3.34,2
5091929,0,1,0,135000.0,3,3,0,0,0,49,1.8,0
5149034,0,0,1,180000.0,2,1,0,0,0,47,3.29,0
5114114,1,1,0,157500.0,3,3,1,0,0,46,1.95,0
5142579,0,1,1,234000.0,3,3,1,0,0,56,7.79,0
5050756,1,1,0,225000.0,0,3,0,0,0,49,11.04,0
5047853,1,1,1,292500.0,0,1,0,0,0,34,9.1,2
5135819,0,0,1,90000.0,0,3,0,0,0,53,7.88,0
5028280,0,0,0,157500.0,0,3,0,2,0,32,7.56,2
5095896,0,0,0,112500.0,0,1,0,0,0,43,6.93,0
5028337,0,1,0,225000.0,3,1,1,2,0,37,14.81,2
5090788,0,1,1,225000.0,0,3,1,0,0,29,3.76,2
5046126,0,0,1,135000.0,3,3,0,0,0,55,8.47,0
5092265,1,0,1,112500.0,3,3,0,0,0,48,0.96,0
5114354,1,1,0,180000.0,0,3,0,0,0,26,8.19,2
5117248,0,0,1,112500.0,3,3,0,0,0,35,6.51,2
5024386,0,0,0,117000.0,3,3,0,0,0,36,3.51,2
5033439,1,1,0,270000.0,3,1,0,0,0,32,8.22,2
5089320,0,1,0,135000.0,0,1,0,0,0,31,2.26,2
5053872,1,1,1,157500.0,3,3,0,0,0,31,5.83,2
5091735,0,1,1,243000.0,3,3,1,0,0,40,5.63,0
5105791,1,0,0,121500.0,2,3,1,0,0,24,4.41,2
5125928,1,0,1,135000.0,3,3,0,0,0,32,1.79,2
5115662,1,1,1,225000.0,0,1,1,0,0,43,6.95,0
5029256,1,1,1,225000.0,3,1,0,0,0,36,2.72,2
5136029,1,1,0,112500.0,2,3,0,0,0,53,6.38,0
5023177,0,0,1,337500.0,3,3,0,0,0,48,12.9,0
5021967,0,0,0,103500.0,3,3,0,0,0,32,3.26,2
5146534,0,1,0,67500.0,2,3,0,0,0,41,3.18,0
5088161,0,0,1,270000.0,3,3,1,0,0,35,2.53,2
5100394,1,0,1,315000.0,0,3,0,0,0,33,10.68,2
5095631,1,1,0,180000.0,3,1,0,0,0,30,0.6,2
5113647,0,0,1,225000.0,3,3,0,0,0,33,0.61,2
5046336,0,0,0,85500.0,3,3,0,0,0,27,2.46,2
5028781,0,0,1,135000.0,3,3,0,0,0,43,8.31,0
5125730,0,1,1,119700.0,3,1,0,0,0,35,9.11,2
5116369,1,0,1,112500.0,3,3,0,0,0,53,9.59,0
5062214,0,0,1,153000.0,0,1,0,0,0,36,3.62,2
5009023,0,0,1,216000.0,2,1,0,0,0,42,8.52,0
5028946,0,0,1,90000.0,2,3,0,0,0,47,0.64,0
5068470,0,0,0,108000.0,0,3,0,0,0,41,1.97,0
5090049,0,0,1,69372.0,3,3,0,0,0,43,0.59,0
5067730,0,0,1,135000.0,0,3,0,0,0,28,7.16,2
5092239,0,0,0,117000.0,3,3,0,0,0,56,6.38,0
5105560,0,0,1,202500.0,0,3,0,0,0,46,12.07,0
5099914,0,0,1,126000.0,3,3,0,0,0,27,4.34,2
5150038,1,0,0,180000.0,3,3,1,2,0,35,4.21,2
5053678,0,1,1,225000.0,0,3,1,0,0,33,3.92,2
5087538,1,0,1,81000.0,0,1,1,0,0,27,5.28,2
5050440,0,1,1,157500.0,3,3,0,0,0,35,7.54,2
5061611,1,1,1,225000.0,3,3,0,0,0,31,2.37,2
5041066,0,0,1,103500.0,3,3,1,0,0,47,5.84,0
5105819,1,1,0,202500.0,0,1,0,0,0,32,1.26,2
5091006,0,0,1,157500.0,0,3,0,0,0,47,8.85,0
5050852,1,0,0,180000.0,0,1,1,0,0,25,4.12,2
5117202,0,0,1,135000.0,3,3,1,0,0,37,0.26,2
5074739,1,0,1,225000.0,3,1,0,0,0,36,10.1,2
5135489,1,1,1,225000.0,3,3,0,0,0,28,9.3,2
5067016,1,0,1,225000.0,3,3,1,0,0,27,1.26,2
5024097,0,1,0,126000.0,2,3,1,0,0,32,14.25,2
5008865,0,1,1,135000.0,3,3,0,0,0,43,8.69,0
5116640,0,0,1,202500.0,3,3,0,0,0,43,2.0,0
5089770,1,1,1,225000.0,3,3,0,0,0,29,6.93,2
5009118,0,0,0,157500.0,0,1,1,2,0,43,1.18,0
5042296,1,1,1,202500.0,3,3,0,0,0,41,5.75,0
5090509,1,1,1,225000.0,0,1,0,0,0,29,0.43,2
5113006,1,1,0,112500.0,3,3,0,0,0,53,6.02,0
5026368,1,0,1,112500.0,3,1,0,0,0,37,14.95,2
5095905,0,0,0,135000.0,2,3,1,0,0,42,4.35,0
5113440,0,0,1,207000.0,3,3,1,0,0,50,6.86,0
5069289,0,0,1,270000.0,0,3,0,0,0,40,9.3,0
5135938,0,1,0,315000.0,3,3,0,0,0,42,10.38,0
5118026,0,0,0,315000.0,0,3,0,0,0,37,8.84,2
5053524,0,0,1,112500.0,3,3,0,0,0,40,6.75,0
5010567,0,1,1,121500.0,3,1,0,0,0,27,4.61,2
5046003,0,0,1,225000.0,3,3,1,0,0,41,9.13,0
5118225,1,1,0,225000.0,3,3,0,0,0,57,8.51,0
5050635,0,0,0,225000.0,2,3,0,0,0,37,8.12,2
5088805,1,1,1,225000.0,2,3,0,0,0,37,10.11,2
5117331,0,1,1,270000.0,0,3,1,0,0,41,6.18,0
5067281,1,0,1,135000.0,3,3,0,0,0,36,7.47,2
5023092,0,0,0,202500.0,3,3,1,0,0,46,11.39,0
5029251,1,0,1,157500.0,3,1,0,0,0,38,11.72,2
5091824,1,0,1,270000.0,0,3,1,0,0,40,16.13,0
5132569,0,0,1,112500.0,0,3,0,0,0,40,3.7,0
5021490,1,0,1,135000.0,3,3,1,0,0,29,1.67,2
5035859,0,0,1,270000.0,0,3,1,0,0,58,6.52,0
5022025,1,1,1,112500.0,3,3,1,0,0,27,4.42,2
5116613,1,0,1,225000.0,0,3,0,0,0,32,9.67,2
5142496,0,1,1,135000.0,0,1,0,0,0,42,7.87,0
5113302,1,0,1,180000.0,3,1,0,2,0,42,4.53,0
5053918,0,1,0,225000.0,3,1,0,0,0,39,6.66,2
5067102,0,0,0,180000.0,0,3,1,0,0,45,12.41,0
5022118,1,0,1,315000.0,3,3,0,0,0,53,3.1,0
5022954,1,1,1,112500.0,3,3,0,0,0,50,1.43,0
5047667,0,0,0,90000.0,0,3,0,0,0,23,1.43,2
5091718,0,1,1,90000.0,0,3,0,0,0,38,6.21,2
5009586,0,0,0,45000.0,3,3,1,0,0,39,2.18,2
5097170,1,1,1,180000.0,2,3,0,0,0,26,7.17,2
5022015,1,1,1,112500.0,3,3,1,0,0,27,4.42,2
5062594,1,1,1,135000.0,2,1,0,0,0,24,0.4,2
5028726,1,0,1,360000.0,0,3,0,0,0,34,11.06,2
5033831,1,1,1,135000.0,3,1,0,0,0,52,1.82,0
5046086,0,1,1,99000.0,3,3,0,0,0,57,6.29,0
5135946,1,0,1,270000.0,3,1,1,0,0,41,8.63,0
5149592,0,0,1,157500.0,3,1,0,0,0,33,4.96,2
5009845,1,1,0,180000.0,3,3,0,0,0,43,0.36,0
5117716,1,1,0,315000.0,3,3,0,0,0,45,13.84,0
5096169,0,0,0,112500.0,0,3,0,0,0,53,2.18,0
5067542,0,0,1,180000.0,0,3,0,0,0,57,7.47,0
5090871,0,0,0,225000.0,3,3,0,0,0,38,3.09,2
5033729,1,1,1,90000.0,3,3,0,0,0,32,14.88,2
5037212,1,1,1,292500.0,2,1,0,0,0,34,6.48,2
5116319,0,0,1,157500.0,3,3,0,0,0,38,5.17,2
5146318,0,0,1,135000.0,3,3,1,0,0,40,3.6,0
5042082,0,1,0,315000.0,0,1,0,0,0,53,4.59,0
5091416,0,0,1,225000.0,3,1,0,0,0,44,8.05,0
5041675,0,1,1,333000.0,0,1,0,0,0,31,4.42,2
5145965,0,0,0,130500.0,3,3,0,0,0,42,9.52,0
5126543,0,1,0,112500.0,3,3,0,0,0,28,9.45,2
5033881,1,1,0,202500.0,0,3,0,0,0,29,10.32,2
5068378,0,0,1,126000.0,3,1,0,0,0,34,3.72,2
5029194,1,1,1,225000.0,3,3,0,0,0,52,8.19,0
5010025,0,0,1,135000.0,3,3,0,0,0,56,6.35,0
5091016,0,0,1,112500.0,3,3,0,0,0,39,11.68,2
5149744,0,0,1,105750.0,3,3,0,2,0,34,3.79,2
5089760,1,1,1,180000.0,2,1,1,0,0,22,2.43,2
5053642,1,0,0,360000.0,0,1,0,0,0,55,4.99,0
5089934,1,1,0,157500.0,0,3,0,0,0,52,13.59,0
5125127,0,0,1,112500.0,3,3,1,0,0,44,5.11,0
5113163,0,1,1,180000.0,3,3,0,0,0,34,10.17,2
5116883,1,1,1,225000.0,3,3,0,0,0,48,3.68,0
5090126,1,1,1,270000.0,3,3,1,0,0,37,4.26,2
5036648,0,0,0,202500.0,0,1,0,0,0,31,10.3,2
5090335,0,1,1,144000.0,0,3,0,0,0,35,10.17,2
5114342,1,1,0,180000.0,0,3,0,0,0,26,8.19,2
5115633,1,0,0,202500.0,3,3,0,0,0,62,0.28,1
5126311,1,0,0,180000.0,3,3,0,2,0,21,0.79,2
5135779,0,0,1,126000.0,3,3,0,0,0,65,5.88,1
5116343,1,1,1,225000.0,2,3,0,0,0,32,10.76,2
5022800,0,1,1,202500.0,3,1,2,0,0,32,4.1,2
5054348,0,0,0,103500.0,3,3,1,0,0,33,1.16,2
5099980,1,0,1,90000.0,3,3,1,0,0,41,2.93,0
5087829,1,0,1,135000.0,2,3,0,1,0,28,6.36,2
5051050,1,1,0,67500.0,3,3,0,0,0,61,5.95,1
5148872,0,0,1,135000.0,2,3,0,0,0,42,9.12,0
5088101,0,1,1,270000.0,3,3,1,0,0,46,1.03,0
5028547,1,1,0,292500.0,3,3,1,0,0,34,2.89,2
5149402,0,0,0,135000.0,0,3,0,2,0,37,3.21,2
5067090,1,0,0,180000.0,3,3,0,0,0,37,12.77,2
5105555,0,0,1,157500.0,3,3,0,0,0,54,12.41,0
5136976,0,0,0,306000.0,2,1,0,0,0,34,15.3,2
5113472,1,0,1,202500.0,3,3,0,0,0,52,0.95,0
5041535,0,0,1,180000.0,0,3,2,0,0,54,4.01,0
5066617,0,0,1,139500.0,3,3,0,0,0,51,0.43,0
5126751,1,1,0,135000.0,3,3,0,2,0,45,1.54,0
5009908,1,1,0,202500.0,3,3,0,0,0,52,10.02,0
5068337,0,1,1,112500.0,3,1,0,0,0,27,1.38,2
5028919,0,1,1,112500.0,3,3,0,0,0,47,4.89,0
5114061,1,1,0,193500.0,3,1,0,0,0,49,10.95,0
5100373,0,0,1,180000.0,0,3,0,0,0,35,10.84,2
5112765,0,1,0,315000.0,0,1,0,0,0,30,5.65,2
5037125,1,1,0,180000.0,3,1,0,2,0,31,6.1,2
5029538,0,0,1,112500.0,3,1,0,0,0,34,3.3,2
5010078,1,1,0,157500.0,3,3,0,0,0,34,3.11,2
5085861,0,0,1,135000.0,3,3,0,0,0,49,14.21,0
5009146,1,1,0,315000.0,3,1,0,0,0,43,10.18,0
5149433,0,1,1,112500.0,3,3,2,0,0,53,7.21,0
5096318,1,1,0,270000.0,0,1,1,0,0,26,0.43,2
5038615,0,0,0,112500.0,0,1,0,2,0,33,8.96,2
5047670,0,0,0,180000.0,2,1,0,0,0,38,6.84,2
5036828,0,0,1,180000.0,3,1,0,0,0,52,11.85,0
5139892,0,0,1,112500.0,2,3,0,0,0,50,16.52,0
5135446,0,0,1,225000.0,3,3,0,2,0,27,0.47,2
5095586,0,0,0,270000.0,3,3,0,0,0,24,0.76,2
5068963,1,1,0,202500.0,3,1,0,0,0,41,8.38,0
5048121,1,1,1,292500.0,0,3,0,0,0,33,7.26,2
5117219,0,0,1,202500.0,3,3,0,0,0,30,5.35,2
5009821,0,1,0,99000.0,3,3,0,0,0,40,14.94,0
5033500,1,0,1,202500.0,0,3,0,0,0,48,5.47,0
5058281,0,0,1,306000.0,0,1,0,0,0,40,9.4,0
5142988,0,0,0,135000.0,3,1,0,0,0,28,4.12,2
5137229,1,1,0,180000.0,0,3,0,0,0,38,7.38,2
5142899,0,0,0,112500.0,0,1,1,2,0,24,0.62,2
5113510,1,1,1,180000.0,3,3,0,0,0,47,0.36,0
5149484,0,1,1,135000.0,0,1,0,0,0,30,6.79,2
5092221,1,0,0,67500.0,2,3,0,0,0,31,7.72,2
5023838,0,1,0,315000.0,0,3,0,0,0,54,2.95,0
5033797,0,1,1,148500.0,0,3,0,0,0,46,6.23,0
5022803,0,1,1,202500.0,3,1,2,0,0,32,4.1,2
5104953,1,1,1,180000.0,3,3,0,0,0,59,6.63,0
5100098,0,0,1,90000.0,3,3,0,0,0,29,2.26,2
5091792,1,1,1,135000.0,3,3,0,0,0,41,8.13,0
5149805,0,0,1,135000.0,2,3,1,2,0,27,5.71,2
5089681,0,0,0,261000.0,0,3,0,0,0,27,2.93,2
5116809,0,0,1,112500.0,3,3,0,0,0,50,1.92,0
5143353,1,1,0,135000.0,3,3,0,0,0,28,3.79,2
5088987,0,0,0,171000.0,3,3,0,0,0,40,3.18,0
5021584,0,0,0,40500.0,2,3,0,1,0,35,5.34,2
5009291,0,0,0,130500.0,3,3,0,0,0,41,13.19,0
5051007,0,0,0,306000.0,0,1,0,0,0,29,3.71,2
5024263,0,1,0,202500.0,0,3,0,0,0,58,3.09,0
5125771,0,0,1,112500.0,3,3,0,0,0,63,1.28,1
5021879,1,1,0,112500.0,3,3,0,0,0,35,0.59,2
5137247,0,0,0,90000.0,3,3,0,0,0,47,8.96,0
5061762,0,1,0,135000.0,3,1,0,1,0,30,1.54,2
5048319,0,0,0,90000.0,3,1,1,0,0,59,4.18,0
5023389,1,1,1,157500.0,0,1,0,0,0,37,5.73,2
5143457,1,1,1,247500.0,2,3,0,0,0,32,4.79,2
5069257,0,1,1,67500.0,3,3,0,0,0,35,2.55,2
5044939,1,0,1,360000.0,2,1,0,0,0,43,15.44,0
5149413,0,0,1,315000.0,0,1,0,0,0,29,0.46,2
5062745,0,0,1,157500.0,3,3,0,0,0,41,3.09,0
5114544,0,0,1,166500.0,3,3,0,0,0,29,11.03,2
5078841,1,0,1,225000.0,3,3,0,0,0,55,8.99,0
5117392,0,0,0,135000.0,0,3,1,0,0,48,0.93,0
5143453,1,1,1,247500.0,2,3,0,0,0,32,4.79,2
5067832,0,1,1,315000.0,3,1,0,0,0,58,1.58,0
5116373,0,0,0,90000.0,3,3,0,2,0,27,2.67,2
5149106,1,0,1,270000.0,3,3,0,0,0,34,9.88,2
5091737,0,1,1,243000.0,3,3,1,0,0,40,5.63,0
5052620,1,1,1,180000.0,0,3,0,0,0,43,5.46,0
5087819,1,0,1,112500.0,3,3,0,0,0,43,4.28,0
5052811,0,0,1,117000.0,3,3,0,0,0,47,12.38,0
5095751,0,0,0,202500.0,3,3,0,2,0,35,0.93,2
5062286,1,0,1,202500.0,0,3,0,0,0,22,2.96,2
5079075,0,0,1,216000.0,3,3,0,0,0,42,4.49,0
5146447,0,0,1,135000.0,3,3,2,0,0,39,2.52,2
5051008,0,0,0,225000.0,0,3,0,0,0,28,9.29,2
5100106,1,1,0,81000.0,3,3,0,0,0,48,8.93,0
5094896,1,1,1,180000.0,3,3,0,0,0,38,10.75,2
5054414,1,0,0,225000.0,0,1,0,2,0,35,13.91,2
5025791,0,0,1,157500.0,3,3,0,0,0,50,9.94,0
5067949,0,0,1,157500.0,0,3,1,0,0,49,9.83,0
5142482,1,1,0,166500.0,0,1,0,0,0,33,3.28,2
5115957,0,1,1,180000.0,3,3,2,0,0,42,11.78,0
5029423,0,0,1,315000.0,2,3,0,0,0,30,6.88,2
5117450,0,0,0,90000.0,3,3,0,0,0,32,0.26,2
5023949,1,1,1,148500.0,3,3,0,0,0,40,14.17,0
5143402,1,1,1,144000.0,0,1,0,0,0,52,6.45,0
5136909,1,0,0,360000.0,3,3,0,0,0,41,7.96,0
5143596,0,0,0,90000.0,3,3,0,0,0,31,9.13,2
5095939,1,0,0,157500.0,3,3,0,0,0,47,9.85,0
5113343,1,0,1,135000.0,3,3,0,0,0,31,12.61,2
5142920,0,0,0,292500.0,3,3,0,0,0,34,11.03,2
5114294,0,0,0,112500.0,2,3,2,0,0,52,14.36,0
5088055,0,0,1,216000.0,3,3,1,0,0,49,8.36,0
5142815,1,1,0,126000.0,0,3,0,0,0,28,7.96,2
5054460,1,1,0,135000.0,3,3,0,0,0,51,5.24,0
5069380,1,0,1,337500.0,3,3,1,0,0,45,3.47,0
5036396,0,1,1,112500.0,3,3,0,0,0,37,3.44,2
5148535,0,0,1,157500.0,3,3,0,0,0,28,4.71,2
5105436,1,0,1,112500.0,3,3,0,0,0,39,6.34,2
5105412,0,0,1,135000.0,3,3,0,0,0,34,4.16,2
5142584,1,1,1,301500.0,3,3,0,1,0,24,2.37,2
5118108,1,1,0,90000.0,3,3,1,0,0,22,3.01,2
5010683,1,1,1,292500.0,3,1,0,0,0,28,6.11,2
5045850,0,1,1,315000.0,0,1,0,2,0,34,3.63,2
5058371,0,0,1,117000.0,3,3,0,0,0,47,0.97,0
5137187,0,1,0,67500.0,3,3,0,0,0,31,5.3,2
5095873,0,0,0,202500.0,3,1,0,0,0,41,14.18,0
5126809,1,0,1,157500.0,0,3,0,0,0,29,6.37,2
5096604,0,1,0,225000.0,3,1,0,0,0,37,2.68,2
5036765,0,0,0,112500.0,3,3,0,0,0,35,3.35,2
5090082,1,0,0,180000.0,0,3,0,0,0,41,4.59,0
5061481,0,0,1,225000.0,0,1,0,0,0,26,6.2,2
5125235,0,0,1,157500.0,0,1,0,0,0,37,0.2,2
5089474,1,0,0,180000.0,3,1,0,0,0,39,9.43,2
5126021,0,0,0,112500.0,3,3,0,0,0,40,7.29,0
5114630,0,0,1,81000.0,3,3,0,0,0,54,0.78,0
5118526,0,0,1,180000.0,0,1,0,0,0,60,1.43,1
5118527,0,0,1,180000.0,0,1,0,0,0,60,1.43,1
5089596,1,1,0,315000.0,0,3,0,0,0,38,2.68,2
5066865,0,0,1,54000.0,3,3,0,0,0,27,2.18,2
5009941,0,0,1,157500.0,3,3,0,0,0,29,6.44,2
5052731,0,0,1,180000.0,0,3,0,0,0,37,3.05,2
5137175,0,0,0,225000.0,3,3,0,0,0,55,10.29,0
5045614,1,1,1,360000.0,3,1,0,0,0,42,3.63,0
5047870,1,1,1,292500.0,0,1,0,0,0,34,9.1,2
5025161,1,0,0,360000.0,3,3,0,0,0,34,14.09,2
5145694,1,1,1,225000.0,3,1,1,2,0,25,1.82,2
5113455,0,0,1,126000.0,0,3,0,0,0,49,11.28,0
5126321,0,0,0,270000.0,3,3,0,0,0,48,4.71,0
5088450,0,0,1,157500.0,2,3,2,0,0,62,5.62,1
5068631,0,1,1,216000.0,3,3,0,0,0,58,9.97,0
5021693,1,1,1,337500.0,3,3,0,0,0,33,4.59,2
5111172,1,1,1,225000.0,3,1,0,1,0,29,1.32,2
5029184,0,0,1,108000.0,3,3,0,0,0,43,12.6,0
5069051,1,1,0,225000.0,0,3,0,0,0,48,6.8,0
5046379,0,0,0,180000.0,3,3,0,0,0,53,5.21,0
5118477,0,0,1,180000.0,3,3,0,0,0,47,2.43,0
5106118,0,1,1,135000.0,3,1,0,0,0,36,1.08,2
5024148,0,1,0,180000.0,3,1,0,2,0,31,2.76,2
5067262,0,1,1,270000.0,3,3,0,0,0,54,4.72,0
5045255,0,0,1,270000.0,3,3,0,0,0,57,10.1,0
5033418,1,1,0,202500.0,0,3,0,0,0,29,5.97,2
5023231,1,1,1,270000.0,3,3,1,0,0,47,3.73,0
5028909,0,0,0,67500.0,3,3,0,0,0,27,5.14,2
5090793,0,0,1,247500.0,3,1,0,0,0,38,9.59,2
5126517,1,1,0,157500.0,3,1,0,0,0,56,6.2,0
5146034,1,0,1,157500.0,3,3,1,0,0,46,11.35,0
5142972,1,0,0,180000.0,3,3,1,0,0,29,2.54,2
5028569,0,1,1,315000.0,0,3,0,0,0,42,15.06,0
5114032,0,0,0,99000.0,3,1,0,0,0,40,15.12,0
5085826,0,0,0,351000.0,0,1,0,0,0,59,2.96,0
5053089,0,0,0,175500.0,3,3,1,0,0,51,1.8,0
5117753,1,1,0,306000.0,3,3,0,0,0,43,4.51,0
5126826,0,0,0,157500.0,3,3,0,2,0,31,10.12,2
5067893,1,1,1,292500.0,3,3,0,1,0,46,2.47,0
5135531,1,1,1,225000.0,3,3,1,0,0,37,4.79,2
5067019,0,1,1,247500.0,3,3,0,0,0,46,3.43,0
5115671,1,1,1,189000.0,3,1,0,0,0,36,10.03,2
5136985,1,1,0,247500.0,3,3,1,0,0,33,9.13,2
5126687,0,0,1,90000.0,3,3,0,0,0,54,8.62,0
5045513,1,1,0,180000.0,3,3,0,0,0,31,12.3,2
5021730,0,1,1,180000.0,0,3,0,0,0,46,3.76,0
5096342,0,0,0,112500.0,3,3,0,0,0,32,3.18,2
5021293,0,1,1,180000.0,0,1,0,0,0,32,0.5,2
5143079,0,1,0,225000.0,0,3,0,0,0,38,1.37,2
5062294,0,1,1,225000.0,3,1,0,0,0,48,6.71,0
5089887,0,0,1,157500.0,3,1,0,0,0,29,4.26,2
5146429,1,1,0,261000.0,0,3,0,2,0,24,1.85,2
5069292,0,1,1,180000.0,0,3,0,0,0,42,7.13,0
5054407,1,0,0,225000.0,0,1,0,2,0,35,13.91,2
5028616,1,0,1,135000.0,3,1,0,0,0,25,5.47,2
5036319,0,0,1,112500.0,0,3,1,0,0,49,1.52,0
5116606,1,1,1,180000.0,3,3,0,0,0,46,12.59,0
5068648,1,0,1,135000.0,3,3,1,2,0,31,2.89,2
5143560,1,0,0,202500.0,3,3,0,2,0,29,2.04,2
5126518,1,1,0,157500.0,3,1,0,0,0,56,6.2,0
5116991,1,1,1,135000.0,3,3,0,0,0,39,9.6,2
5024670,0,0,1,180000.0,3,1,1,0,0,41,4.34,0
5062095,1,1,0,180000.0,3,3,1,0,0,27,4.96,2
5041881,1,0,0,112500.0,3,3,0,1,0,40,6.93,0
5053117,1,1,0,270000.0,0,3,0,0,0,37,3.89,2
5115921,1,1,1,360000.0,0,3,0,0,0,42,0.86,0
5150221,1,1,1,116100.0,3,3,0,0,0,27,6.68,2
5089580,0,1,0,112500.0,2,3,0,0,0,31,1.26,2
5041320,0,0,0,157500.0,3,1,1,0,0,51,9.0,0
5105499,0,0,1,202500.0,3,1,0,0,0,29,4.09,2
5095514,1,1,1,297000.0,3,3,0,0,0,56,3.18,0
5089275,0,1,0,315000.0,3,1,0,0,0,37,9.59,2
5069066,1,0,1,202500.0,3,3,1,0,0,26,8.47,2
5125542,1,0,0,180000.0,3,1,0,2,0,36,6.62,2
5095033,1,1,1,202500.0,0,1,0,0,0,42,4.01,0
5142163,1,0,1,360000.0,3,3,0,0,0,31,6.99,2
5105291,0,0,0,112500.0,3,3,2,2,0,28,2.24,2
5045380,1,1,1,261000.0,3,3,0,0,0,43,4.13,0
5113057,0,1,0,202500.0,0,3,1,0,0,38,3.68,2
5010238,1,1,1,225000.0,3,3,0,0,0,45,11.86,0
5050724,0,1,0,360000.0,3,1,0,0,0,35,6.29,2
5142781,1,1,0,157500.0,3,3,1,2,0,38,4.45,2
5114643,0,1,0,247500.0,3,3,1,0,0,37,5.86,2
5087536,1,0,1,81000.0,0,1,1,0,0,27,5.28,2
5053744,0,0,1,360000.0,2,1,0,0,0,44,8.66,0
5117698,1,1,0,315000.0,3,1,0,0,0,55,10.84,0
5118560,0,0,1,126000.0,3,3,1,0,0,46,7.93,0
5054496,0,1,1,225000.0,0,1,1,0,0,33,3.24,2
5033895,0,0,0,135000.0,3,3,0,2,0,30,4.57,2
5033659,1,0,1,225000.0,0,3,0,0,0,52,10.05,0
5062205,0,0,1,112500.0,0,1,0,0,0,47,3.29,0
5056237,0,0,1,40500.0,3,3,0,0,0,34,13.51,2
5135863,0,0,1,67500.0,3,3,0,0,0,33,1.63,2
5091057,0,0,1,270000.0,0,1,0,0,0,42,6.02,0
5091651,0,1,1,252000.0,0,3,1,0,0,29,2.05,2
5118545,0,1,0,270000.0,3,3,0,0,0,50,4.77,0
5024592,1,1,1,157500.0,3,3,0,2,0,24,4.42,2
5125804,0,0,1,270000.0,3,3,1,0,0,50,5.62,0
5033728,0,1,1,202500.0,3,3,0,0,0,37,5.72,2
5149327,0,1,1,180000.0,3,1,1,0,0,51,16.38,0
5024033,0,0,1,112500.0,3,3,0,2,0,40,1.09,0
5113841,0,0,1,135000.0,0,1,0,0,0,24,2.53,2
5022918,0,0,1,225000.0,3,1,1,0,0,33,7.1,2
5142649,1,1,0,157500.0,3,3,0,0,0,48,6.12,0
5048276,0,1,0,112500.0,3,1,1,0,0,27,4.43,2
5022612,1,1,1,202500.0,3,3,0,0,0,27,2.26,2
5028446,0,1,1,162000.0,3,3,1,0,0,49,7.73,0
5091894,1,0,0,157500.0,0,1,1,0,0,27,4.38,2
5025181,0,0,0,270000.0,0,3,1,0,0,62,7.0,1
5091795,0,1,0,90000.0,3,3,0,0,0,41,2.71,0
5068511,0,0,1,135000.0,0,3,0,0,0,43,7.55,0
5036926,0,1,1,157500.0,0,3,0,0,0,32,8.18,2
5114138,0,0,0,180000.0,2,3,0,0,0,30,7.95,2
5052883,1,1,1,225000.0,3,3,0,0,0,49,9.22,0
5068019,1,1,1,135000.0,3,3,0,0,0,42,9.25,0
5146024,0,0,1,360000.0,0,1,0,0,0,30,10.68,2
5036093,0,0,1,135000.0,3,3,0,0,0,59,8.77,0
5068339,0,1,1,112500.0,3,1,0,0,0,27,1.38,2
5095020,0,0,1,225000.0,0,3,0,0,0,35,1.84,2
5105185,1,0,1,180000.0,3,3,0,0,0,44,2.32,0
5117216,0,0,1,202500.0,3,3,0,0,0,30,5.35,2
5089632,0,0,0,315000.0,0,1,0,0,0,44,0.85,0
5100464,1,1,1,315000.0,3,1,0,0,0,47,1.51,0
5028930,0,1,1,112500.0,3,3,0,0,0,47,4.89,0
5116643,0,0,1,261000.0,3,3,0,0,0,54,7.01,0
5091766,1,0,1,247500.0,3,3,0,0,0,47,6.46,0
5067961,1,1,1,360000.0,3,1,0,0,0,60,10.55,1
5033814,0,0,1,135000.0,3,3,0,0,0,36,3.24,2
5113847,0,0,1,225000.0,3,3,2,0,0,54,6.53,0
5126308,0,0,0,112500.0,3,1,1,0,0,35,1.45,2
5142118,1,0,0,225000.0,3,1,0,0,0,49,6.83,0
5068196,1,1,1,173250.0,3,3,0,0,0,44,6.47,0
5068692,1,0,1,148500.0,3,3,1,0,0,32,2.63,2
5085780,1,0,1,315000.0,0,3,0,0,0,49,11.04,0
5096095,0,0,0,135000.0,3,3,0,0,0,29,4.43,2
5142599,0,0,1,76500.0,2,1,0,0,0,39,5.87,2
5045742,1,1,0,225000.0,0,1,0,0,0,36,4.3,2
5053173,0,1,1,157500.0,3,3,0,0,0,45,6.55,0
5074735,1,1,1,216000.0,2,1,0,0,0,30,7.02,2
5146410,1,0,1,211500.0,3,3,1,0,0,27,3.01,2
5054097,1,1,0,202500.0,3,1,0,0,0,32,1.99,2
5068340,0,1,1,112500.0,3,1,0,0,0,27,1.38,2
5037254,1,0,0,166500.0,3,3,1,0,0,23,1.23,2
5091921,0,0,1,72000.0,3,3,0,0,0,42,15.05,0
5139729,0,0,1,135000.0,3,3,0,0,0,56,6.35,0
5117605,0,0,0,157500.0,3,1,0,0,0,38,6.18,2
5029152,0,0,1,67500.0,2,3,0,0,0,49,0.52,0
5066465,0,1,1,135000.0,3,3,1,0,0,44,3.85,0
5117254,0,1,1,207000.0,2,1,0,0,0,61,9.6,1
5117551,1,1,0,148500.0,0,3,0,0,0,35,7.84,2
5079181,0,0,0,112500.0,0,3,0,0,0,27,6.4,2
5028802,0,0,0,112500.0,3,3,0,0,0,43,2.97,0
5024838,0,0,1,202500.0,0,1,1,0,0,38,5.67,2
5079141,0,0,1,67500.0,3,3,1,0,0,37,8.24,2
5058286,0,0,1,306000.0,0,1,0,0,0,40,9.4,0
5112870,1,1,1,360000.0,3,3,0,0,0,57,8.03,0
5061253,0,0,1,112500.0,3,3,0,0,0,25,4.79,2
5046191,1,1,1,270000.0,0,1,0,0,0,47,1.55,0
5146296,0,0,0,67500.0,3,3,0,0,0,49,10.68,0
5033966,0,0,1,180000.0,0,3,0,0,0,41,8.64,0
5065571,1,1,1,270000.0,0,3,0,0,0,49,4.21,0
5035866,0,0,1,247500.0,0,3,0,0,0,48,3.35,0
5088501,1,1,1,72000.0,3,1,0,0,0,59,1.69,0
5028990,0,0,0,81000.0,3,2,1,0,0,42,6.39,0
5023209,0,0,0,135000.0,0,3,0,0,0,39,0.64,2
5142860,0,0,0,135000.0,3,3,0,0,0,38,5.12,2
5061896,1,0,1,292500.0,2,1,0,0,0,46,9.62,0
5044940,1,0,1,360000.0,2,1,0,0,0,43,15.44,0
5048610,0,0,1,315000.0,3,3,1,0,0,41,9.01,0
5069199,0,1,1,225000.0,0,3,0,0,0,37,8.89,2
5033496,1,1,0,202500.0,0,1,0,2,0,27,1.22,2
5132752,1,0,1,90000.0,3,3,1,0,0,28,0.62,2
5036958,1,1,1,135000.0,3,3,0,0,0,32,5.26,2
5117022,1,1,1,225000.0,3,3,0,0,0,34,0.76,2
5143362,0,0,1,126000.0,3,3,0,0,0,62,6.12,1
5137163,0,0,0,211500.0,3,3,0,0,0,47,4.55,0
5054064,1,0,0,157500.0,3,3,0,0,0,44,3.99,0
5051187,1,1,0,135000.0,3,3,1,0,0,33,2.45,2
5116714,0,0,0,135000.0,0,3,1,0,0,52,1.83,0
5045069,0,0,0,112500.0,3,3,0,0,0,28,6.93,2
5066879,1,1,1,270000.0,3,3,1,0,0,37,4.26,2
5047787,0,1,1,225000.0,0,1,0,0,0,28,2.68,2
5023692,0,0,1,135000.0,3,3,1,0,0,41,9.14,0
5028907,0,0,0,67500.0,3,3,0,0,0,27,5.14,2
5113861,1,0,0,135000.0,3,3,0,0,0,28,3.45,2
5009301,0,0,0,193500.0,3,3,1,0,0,44,5.11,0
5135705,0,0,0,135000.0,3,3,0,0,0,30,4.3,2
5023616,1,1,1,202500.0,0,3,0,0,0,48,0.64,0
5028468,0,1,1,135000.0,3,3,0,0,0,33,0.73,2
5125775,0,0,1,112500.0,3,3,0,0,0,63,1.28,1
5051156,1,0,0,247500.0,3,1,1,0,0,37,5.12,2
5143046,1,1,0,360000.0,3,3,0,0,0,43,6.95,0
5114060,1,1,0,193500.0,3,1,0,0,0,49,10.95,0
5113171,0,1,1,67500.0,3,3,0,0,0,31,4.59,2
5078805,0,0,1,306000.0,3,3,0,0,0,51,8.15,0
5022789,0,0,0,112500.0,3,3,1,0,0,33,0.51,2
5028302,1,1,1,360000.0,0,3,0,0,0,54,1.31,0
5146558,1,0,1,157500.0,3,3,0,0,0,41,3.93,0
5022449,0,0,0,315000.0,3,3,1,0,0,48,5.42,0
5044818,0,0,1,135000.0,3,1,1,0,0,24,3.1,2
5041367,0,0,0,180000.0,2,3,0,0,0,28,8.17,2
5058271,0,0,1,135000.0,3,3,0,0,0,53,11.74,0
5047929,1,1,0,292500.0,3,3,1,0,0,38,4.18,2
5054228,0,0,0,180000.0,3,3,0,0,0,31,0.24,2
5088433,0,0,1,225000.0,3,3,1,0,0,48,4.95,0
5009567,1,1,0,180000.0,3,3,0,0,0,41,8.61,0
5148915,1,1,0,225000.0,0,3,0,0,0,40,10.54,0
5053646,1,0,0,360000.0,0,1,0,0,0,55,4.99,0
5118472,1,0,0,180000.0,3,3,0,0,0,27,4.51,2
5111178,0,0,1,54000.0,3,1,0,0,0,30,12.48,2
5065808,0,0,0,76500.0,3,1,0,0,0,43,2.15,0
5091771,1,0,1,247500.0,3,3,0,0,0,47,6.46,0
5010010,0,0,1,112500.0,2,3,0,0,0,29,9.77,2
5096729,1,1,0,135000.0,0,3,0,0,0,29,6.43,2
5092021,0,0,1,135000.0,3,3,0,0,0,36,2.13,2
5046083,0,1,1,99000.0,3,3,0,0,0,57,6.29,0
5142953,1,0,0,202500.0,3,3,1,0,0,22,2.03,2
5061135,0,0,1,58500.0,3,1,0,0,0,38,16.29,2
5010172,0,0,1,135000.0,0,3,0,0,0,58,1.27,0
5068523,0,0,1,135000.0,3,3,1,0,0,33,1.05,2
5087756,0,0,0,180000.0,3,3,0,0,0,41,6.78,0
5132845,0,0,1,112500.0,2,3,0,0,0,47,10.11,0
5116046,0,1,1,144000.0,3,3,0,0,0,36,5.62,2
5091983,1,0,1,112500.0,0,1,0,0,0,59,2.21,0
5062106,1,1,1,135000.0,0,3,0,0,0,52,9.88,0
5052806,0,0,1,81000.0,3,3,1,0,0,52,6.72,0
5022458,1,1,1,144000.0,3,3,0,0,0,23,2.93,2
5114438,0,0,1,157500.0,3,3,0,0,0,47,3.03,0
5112737,1,1,1,315000.0,3,1,0,0,0,50,7.66,0
5024038,0,0,0,135000.0,3,3,0,0,0,42,1.76,0
5139846,1,1,1,202500.0,0,3,0,1,0,28,7.27,2
5140019,0,1,1,180000.0,0,3,1,0,0,31,3.93,2
5104868,0,0,1,112500.0,3,1,0,0,0,33,10.96,2
5062525,0,0,1,112500.0,3,1,0,0,0,37,6.04,2
5118118,1,0,0,270000.0,0,3,0,0,0,37,14.84,2
5054384,1,1,0,292500.0,0,1,1,0,0,38,10.08,2
5023706,0,0,1,180000.0,3,3,0,0,0,48,15.39,0
5046183,0,0,1,115200.0,0,3,0,0,0,40,1.96,0
5145920,1,1,1,180000.0,0,1,0,0,0,41,4.01,0
5069028,0,0,1,157500.0,0,3,0,0,0,45,3.72,0
5010498,1,1,1,202500.0,3,3,0,0,0,27,0.86,2
5091564,0,1,1,135000.0,3,3,0,0,0,40,4.8,0
5149887,0,0,1,202500.0,0,3,0,0,0,43,15.96,0
5116801,1,0,1,225000.0,3,3,0,0,0,44,4.59,0
5091639,1,1,1,202500.0,3,3,1,0,0,49,8.38,0
5022930,0,0,1,270000.0,3,1,0,0,0,25,0.51,2
5148732,0,0,1,157500.0,3,3,1,0,0,36,1.71,2
5026539,0,0,1,112500.0,3,3,1,0,0,43,3.78,0
5048478,1,1,0,225000.0,3,3,1,0,0,25,0.84,2
5052762,1,1,1,225000.0,0,1,1,0,0,32,2.55,2
5067767,0,0,1,202500.0,2,3,1,0,0,63,14.89,1
5056179,0,0,1,202500.0,0,1,0,0,0,26,0.6,2
5045537,1,1,0,225000.0,2,1,0,2,0,29,4.21,2
5053980,0,1,0,108000.0,3,3,0,2,0,33,8.75,2
5092349,0,0,1,225000.0,3,3,2,0,0,52,5.63,0
5090383,0,1,1,180000.0,0,3,0,0,0,42,3.28,0
5088687,1,0,1,135000.0,3,3,0,0,0,51,4.03,0
5089117,0,1,0,90000.0,3,1,1,0,0,43,15.01,0
5117497,1,0,1,90000.0,0,3,0,0,0,45,1.93,0
5126121,0,1,0,72000.0,3,3,0,0,0,41,0.62,0
5125710,0,1,1,135000.0,3,2,0,0,0,44,1.7,0
5142733,1,0,0,360000.0,3,1,0,0,0,30,1.28,2
5021214,1,1,1,225000.0,2,1,0,0,0,34,6.17,2
5044809,0,0,1,135000.0,3,1,1,0,0,24,3.1,2
5068712,0,1,1,90000.0,3,3,0,0,0,36,14.63,2
5146045,0,0,1,360000.0,0,3,1,0,0,50,6.68,0
5142529,1,0,1,225000.0,2,1,0,0,0,24,0.45,2
5023089,0,0,0,202500.0,3,3,1,0,0,46,11.39,0
5105550,0,0,1,112500.0,3,1,0,2,0,25,2.26,2
5149799,0,0,1,126000.0,0,3,0,0,0,28,5.54,2
5036219,0,0,1,99000.0,3,3,0,0,0,42,2.44,0
5061246,0,0,1,112500.0,3,3,0,0,0,25,4.79,2
5135851,0,0,1,180000.0,0,3,0,0,0,44,16.63,0
5009663,1,0,0,225000.0,3,1,1,0,0,27,4.86,2
5146002,1,1,1,225000.0,3,3,1,0,0,27,0.52,2
5148748,0,1,1,135000.0,0,3,0,0,0,31,1.88,2
5024582,0,1,1,315000.0,2,3,0,0,0,33,3.34,2
5099948,0,1,0,185400.0,0,3,0,0,0,40,8.84,0
5096415,0,0,0,76500.0,3,3,0,0,0,46,0.27,0
5096609,0,1,0,225000.0,3,1,0,0,0,37,2.68,2
5090027,0,0,1,126000.0,3,1,0,0,0,27,1.26,2
5125277,0,0,1,90000.0,3,3,0,0,0,44,10.11,0
5067006,1,0,1,157500.0,3,3,0,0,0,55,14.93,0
5054079,0,0,0,135000.0,3,3,0,0,0,46,15.08,0
5025951,0,0,1,130500.0,3,3,0,0,0,37,15.03,2
5010995,0,0,1,90000.0,3,3,0,0,0,54,0.61,0
5117622,1,1,0,112500.0,3,1,0,0,0,40,0.35,0
5125425,0,1,1,189000.0,3,2,0,0,0,44,2.37,0
5085865,0,0,1,135000.0,3,3,0,0,0,49,14.21,0
5113180,1,1,1,135000.0,0,1,0,0,0,48,1.68,0
5069466,0,1,1,166500.0,3,3,0,0,0,33,8.55,2
5009269,1,1,0,337500.0,2,1,0,2,0,28,4.52,2
5036474,1,1,0,180000.0,0,1,0,0,0,43,7.32,0
5037202,0,1,1,112500.0,3,1,0,0,0,24,1.15,2
5092020,0,0,1,135000.0,3,3,0,0,0,36,2.13,2
5142849,0,0,0,135000.0,3,3,0,0,0,38,5.12,2
5069141,0,0,0,135000.0,0,1,0,2,0,42,1.13,0
5090464,0,0,0,126000.0,0,3,0,0,0,45,15.77,0
5149296,0,1,1,247500.0,0,1,0,0,0,39,5.12,2
5023914,0,0,1,184500.0,3,3,0,0,0,27,4.67,2
5112736,1,1,1,315000.0,3,1,0,0,0,50,7.66,0
5050619,1,1,0,112500.0,3,3,0,0,0,27,5.37,2
5052606,1,0,1,202500.0,0,3,1,1,0,51,4.38,0
5021551,0,0,1,202500.0,0,3,0,0,0,57,4.33,0
5068807,1,1,1,112500.0,3,1,0,0,0,32,1.47,2
5024666,0,0,1,157500.0,3,3,0,0,0,39,12.51,2
5089497,0,0,0,112500.0,3,3,2,0,0,54,3.59,0
5045623,0,0,1,270000.0,2,3,0,0,0,39,6.88,2
5091822,1,0,1,270000.0,0,3,1,0,0,40,16.13,0
5114227,1,1,0,247500.0,3,3,0,0,0,50,15.53,0
5116621,0,1,1,157500.0,2,3,0,0,0,37,9.25,2
5041758,0,0,1,157500.0,2,1,0,0,0,41,10.0,0
5025936,0,0,1,130500.0,3,3,0,0,0,37,15.03,2
5033608,0,0,0,67500.0,0,3,0,0,0,51,0.47,0
5146456,0,0,1,135000.0,0,3,0,0,0,42,4.93,0
5091369,1,1,1,247500.0,3,3,0,0,0,42,3.47,0
5091708,0,1,1,135000.0,3,1,0,0,0,33,10.8,2
5088181,0,0,0,180000.0,3,3,2,0,0,53,5.19,0
5093248,0,0,1,247500.0,0,1,0,0,0,32,8.16,2
5112738,1,1,1,315000.0,3,1,0,0,0,50,7.66,0
5069007,1,1,1,337500.0,3,1,0,2,0,29,3.22,2
5113801,0,0,1,337500.0,3,3,0,0,0,35,9.11,2
5054733,0,0,0,157500.0,0,1,0,0,0,30,4.33,2
5105577,0,0,0,180000.0,3,3,0,0,0,32,0.57,2
5033714,1,0,1,135000.0,3,3,0,0,0,37,8.3,2
5062016,0,0,0,180000.0,0,3,1,0,0,31,6.54,2
5045798,0,1,0,202500.0,3,1,0,0,0,25,0.38,2
5066915,1,1,1,180000.0,3,1,0,2,0,30,4.02,2
5088853,0,1,1,112500.0,3,1,0,0,0,31,6.34,2
5142752,0,0,0,81000.0,3,3,1,0,0,48,1.03,0
5143025,1,0,0,270000.0,3,3,0,2,0,32,1.7,2
5091549,0,0,1,247500.0,0,3,0,0,0,33,7.63,2
5142248,0,0,1,225000.0,2,3,0,0,0,54,6.41,0
5068262,0,0,0,157500.0,2,1,0,0,0,34,14.63,2
5068843,0,0,1,135000.0,3,3,1,0,0,62,11.55,1
5114166,1,1,0,247500.0,3,1,0,0,0,25,0.53,2
5105715,0,0,1,180000.0,3,3,0,0,0,37,8.24,2
5145964,0,0,0,130500.0,3,3,0,0,0,42,9.52,0
5089658,0,0,0,99000.0,0,3,1,0,0,44,1.01,0
5068233,1,0,1,112500.0,2,3,0,0,0,38,0.64,2
5113259,0,1,1,247500.0,3,3,1,2,0,32,0.78,2
5052622,1,1,1,180000.0,0,3,0,0,0,43,5.46,0
5058408,1,1,1,247500.0,3,1,0,0,0,35,7.14,2
5068324,0,0,1,171000.0,3,1,0,0,0,50,10.55,0
5022156,0,1,1,180000.0,0,1,0,0,0,32,7.85,2
5137365,1,1,0,337500.0,3,3,0,0,0,39,2.8,2
5068811,0,0,1,315000.0,0,3,0,0,0,39,6.63,2
5068238,0,0,1,247500.0,3,3,0,0,0,30,6.97,2
5125510,1,0,1,202500.0,0,3,0,0,0,40,0.28,0
5010202,1,1,1,135000.0,3,2,0,2,0,27,5.11,2
5143175,1,1,0,225000.0,0,3,1,0,0,47,7.2,0
5041739,1,0,1,157500.0,3,3,0,0,0,34,1.0,2
5048217,1,1,1,270000.0,0,3,0,0,0,33,2.35,2
5091382,0,1,1,216000.0,3,1,0,0,0,34,13.38,2
5009918,0,0,1,99000.0,0,1,0,0,0,34,1.19,2
5091406,0,0,1,135000.0,3,3,1,0,0,48,5.21,0
5023816,0,1,1,225000.0,0,1,0,0,0,46,2.2,0
5054775,1,0,1,225000.0,3,3,0,0,0,58,4.16,0
5062011,0,0,0,180000.0,0,3,1,0,0,31,6.54,2
5094926,0,1,1,135000.0,0,3,0,0,0,33,4.01,2
5125462,1,0,1,112500.0,3,3,0,0,0,50,14.11,0
5114240,0,0,0,270000.0,3,3,0,0,0,45,1.95,0
5068367,0,1,1,270000.0,3,3,0,0,0,38,8.89,2
5051120,1,0,0,202500.0,2,1,0,0,0,34,13.71,2
5114348,1,1,0,180000.0,0,3,0,0,0,26,8.19,2
5067506,1,0,1,180000.0,3,2,0,0,0,35,6.0,2
5118441,0,1,0,108000.0,0,1,0,0,0,44,1.18,0
5054343,0,1,0,225000.0,3,3,0,0,0,56,2.91,0
5009000,1,1,1,157500.0,3,3,0,0,0,27,2.27,2
5067299,1,0,1,225000.0,0,3,1,0,0,25,3.33,2
5067729,0,0,1,135000.0,0,3,0,0,0,28,7.16,2
5010795,0,0,0,45000.0,2,3,0,0,0,38,14.6,2
5116594,1,1,0,157500.0,3,1,0,0,0,42,1.67,0
5068310,1,0,1,198000.0,0,3,1,0,0,26,0.38,2
5087880,0,0,0,234000.0,2,1,0,0,0,60,14.28,1
5125172,0,1,1,157500.0,3,3,0,0,0,41,1.2,0
5118580,0,1,1,180000.0,3,3,0,0,0,35,4.77,2
5045070,0,0,0,112500.0,3,3,0,0,0,28,6.93,2
5062334,0,0,0,94500.0,3,1,0,0,0,24,2.62,2
5021968,0,0,0,103500.0,3,3,0,0,0,32,3.26,2
5028858,1,1,1,157500.0,3,3,0,0,0,37,8.47,2
5067182,0,0,1,112500.0,3,1,0,0,0,31,2.25,2
5112652,0,0,0,67500.0,3,3,0,2,0,44,7.74,0
5105069,1,0,1,157500.0,3,3,0,0,0,37,1.24,2
5079127,1,0,1,270000.0,3,1,0,0,0,32,6.19,2
5088689,1,0,1,135000.0,3,3,0,0,0,51,4.03,0
5132784,1,1,1,112500.0,3,3,1,0,0,24,0.53,2
5048458,0,1,1,126000.0,3,1,0,0,0,25,0.43,2
5065477,1,0,0,148500.0,3,3,0,0,0,37,0.3,2
5024096,0,1,0,126000.0,2,3,1,0,0,32,14.25,2
5028612,1,1,1,225000.0,0,1,1,2,0,29,5.89,2
5089954,1,0,1,126000.0,0,3,0,0,0,34,5.76,2
5125261,1,0,1,157500.0,0,1,0,0,0,42,3.29,0
5100133,1,1,1,270000.0,0,1,0,0,0,38,5.18,2
5096856,1,1,1,180000.0,0,3,0,0,0,49,9.52,0
5089719,0,0,0,144000.0,3,3,0,0,0,54,12.76,0
5033447,0,1,0,112500.0,0,1,0,0,0,29,1.8,2
5090942,1,0,0,225000.0,0,3,0,0,0,36,3.93,2
5149946,0,0,1,180000.0,3,1,0,0,0,60,1.88,1
5024049,0,1,1,144000.0,3,1,0,0,0,35,8.01,2
5118268,1,1,0,360000.0,2,3,0,0,0,30,9.68,2
5023655,0,0,0,225000.0,0,3,1,0,0,28,3.31,2
5115992,1,1,1,180000.0,3,1,0,0,0,36,6.78,2
5118219,1,1,0,270000.0,3,3,0,0,0,41,1.77,0
5053790,0,1,1,225000.0,3,1,0,0,0,45,7.83,0
